<?xml version="1.0" encoding="UTF-8"?>
<create>
<event>
  <firstname>Gorta</firstname>
  <lastname>Strictly Come Dancing</lastname>
   <eventname>Rush, Dublin</eventname>
   <date> 	07-05-2016 </date>
</event>

<event>
  <firstname>Dublin Chernobyl Children International</firstname>
  <lastname> Crowne Plaza Alternative Rose Competition</lastname>
  <eventname>Dublin, Northwood Santry</eventname>
  
</event>

<event>
  <firstname>FibroIreland</firstname>
  <lastname>SkyDiving</lastname>
   <eventname>Offaly, Edenderry</eventname>
</event>

<event>
  <firstname>Ronald McDonald House</firstname>
  <lastname>Cycle the Lakes</lastname>
   <eventname>Wicklow, Blessington</eventname>
</event>

<event>
  <firstname>Oesophageal Cancer Ireland</firstname>
  <lastname>volunteers selling lollipops to raise funds</lastname>
   <eventname>Grafton Street, Dublin</eventname>
</event>

<event>
  <firstname>Loreto Hockey Club</firstname>
  <lastname>Let's Dance Loreto</lastname>
   <eventname>Dublin, Leopardstown</eventname>
</event>

<event>
  <firstname>Irish Cancer Society</firstname>
  <lastname>Womans Mini Marathon</lastname>
   <eventname>City Center, Dublin</eventname>
</event>


<event>
  <firstname>Cystic Fibrosis Ireland</firstname>
  <lastname>1916 Walking Tour</lastname>
   <eventname>Dublin, Dublin 2</eventname>
   
</event>
<br></br>
</create>