{"changed":false,"filter":false,"title":"event.xml","tooltip":"/event.xml","value":"<?xml version=\"1.0\" encoding=\"UTF-8\"?>\n<create>\n<event>\n  <firstname>Gorta</firstname>\n  <lastname>Strictly Come Dancing</lastname>\n   <eventname>Rush, Dublin</eventname>\n   <date> \t07-05-2016 </date>\n</event>\n\n<event>\n  <firstname>Dublin Chernobyl Children International</firstname>\n  <lastname> Crowne Plaza Alternative Rose Competition</lastname>\n  <eventname>Dublin, Northwood Santry</eventname>\n  \n</event>\n\n<event>\n  <firstname>FibroIreland</firstname>\n  <lastname>SkyDiving</lastname>\n   <eventname>Offaly, Edenderry</eventname>\n</event>\n\n<event>\n  <firstname>Ronald McDonald House</firstname>\n  <lastname>Cycle the Lakes</lastname>\n   <eventname>Wicklow, Blessington</eventname>\n</event>\n\n<event>\n  <firstname>Oesophageal Cancer Ireland</firstname>\n  <lastname>volunteers selling lollipops to raise funds</lastname>\n   <eventname>Grafton Street, Dublin</eventname>\n</event>\n\n<event>\n  <firstname>Loreto Hockey Club</firstname>\n  <lastname>Let's Dance Loreto</lastname>\n   <eventname>Dublin, Leopardstown</eventname>\n</event>\n\n<event>\n  <firstname>Irish Cancer Society</firstname>\n  <lastname>Womans Mini Marathon</lastname>\n   <eventname>City Center, Dublin</eventname>\n</event>\n\n\n<event>\n  <firstname>Cystic Fibrosis Ireland</firstname>\n  <lastname>1916 Walking Tour</lastname>\n   <eventname>Dublin, Dublin 2</eventname>\n   \n</event>\n<br></br>\n</create>","undoManager":{"mark":-1,"position":-1,"stack":[]},"ace":{"folds":[],"scrolltop":0,"scrollleft":0,"selection":{"start":{"row":2,"column":0},"end":{"row":52,"column":8},"isBackwards":false},"options":{"guessTabSize":true,"useWrapMode":false,"wrapToView":true},"firstLineState":0},"timestamp":1460994563422}